English Name,Image File Name,Mizo Name,Image Link,,,Category
Red-vented Bulbul,Red-vented Bulbul.png,Tlaiberh,https://drive.google.com/file/d/0B2IRT-hfS6uXQ0FJMWljMGtYUzQ/view?usp=drivesdk&resourcekey=0-Qc8kM3Sc46of_azxXIAeGw,,,Arboreal Birds
Blue-throated Barbet,Blue throated barbet.png,Tuklo,https://drive.google.com/file/d/16A6_XkIvvlHvMLOGMa2_eRJ73jsWMSwf/view?usp=drivesdk,,,Arboreal Birds
Yellow-browed Warbler,Yellow-browed Warbler.png,Vate-thlarang,https://drive.google.com/file/d/1-2DSGjIjX2r0wPhZcKeCzSw4tqJOq4K_/view?usp=drivesdk,,,Arboreal Birds
Common Tailorbird,Common Tailorbird.png,Daikat,https://drive.google.com/file/d/0B2IRT-hfS6uXbTlNaWxSd0paRE0/view?usp=drivesdk&resourcekey=0-8HqV13LNU4DdagJ1jpZuQQ,,,Arboreal Birds
Black-crested Bulbul,Black crested bulbul.png,Tukhumvilik,https://drive.google.com/file/d/1qPFfXPtNDYbvOV3iBn_64ug-mskGIBl1/view?usp=drivesdk,,,Arboreal Birds
Gray Sibia,Grey Sibia.png,Vasir,https://drive.google.com/file/d/1vezgu4ApzhNr7Ig8AT4d08267nWt65C3/view?usp=drivesdk,,,Arboreal Birds
Bronzed Drongo,bronze drongo M.png,Kakpawl,https://drive.google.com/file/d/0B2IRT-hfS6uXbFNsVmd4ZUhKb2c/view?usp=drivesdk&resourcekey=0-8Na2JWEmD4U6CLdI8amhbA,,,Aerial Feeders
Flavescent Bulbul,Flavescent Bulbul.png,Seṭawt,https://drive.google.com/file/d/1KCno0X9WYQa8NvK8G5q6U4OQPzPiibz3/view?usp=drivesdk,,,Arboreal Birds
Eastern Red-rumped Swallow,Red-necked Falcon.png,Pengleng,https://drive.google.com/file/d/1FUxMlivzQWVY2LbXd3MZSzpss3qsbezo/view?usp=drivesdk,,,Aerial Feeders
Great Barbet,Great barbet.png,Tawllawt,https://drive.google.com/file/d/1cmhPlJ3DeteqbU-5EY1PijWQDXIdYADu/view?usp=drivesdk,,,Arboreal Birds
Olive-backed Pipit,Olive backed pipit.png,Chip,https://drive.google.com/file/d/1Co5RSCM8I8lMk_-n9t4AMtrnSPyR-PfF/view?usp=drivesdk,,,Ground-feeding Birds
Ashy Drongo,Ashy Drongo.png,Thlanthla,https://drive.google.com/file/d/0B2IRT-hfS6uXaXRIWUtuTldlVGc/view?usp=drivesdk&resourcekey=0-KQL9OW_CNTlXGz8wtyJuxw,,,Aerial Feeders
Little Spiderhunter,Little spiderhunter.png,Tumbu-ar,https://drive.google.com/file/d/0B2IRT-hfS6uXT2FUZGNOZDhCMDg/view?usp=drivesdk&resourcekey=0-azQtpaVIHA2zogfwWbTZew,,,Arboreal Birds
Pin-striped Tit-Babbler,Pin striped tit babbler.png,Vate-awm-eng,https://drive.google.com/file/d/1tfHmnnC5XfgVplMQi6wkMPyx2WYWcB13/view?usp=drivesdk,,,Arboreal Birds
Buff-barred Warbler,Buff-barred Warbler.png,Chiai,https://drive.google.com/file/d/0B2IRT-hfS6uXSnh2YjNhNExuekk/view?usp=drivesdk&resourcekey=0-QkZH1WdSQcahLPO_kkIHFQ,,,Arboreal Birds
Indian White-eye,White-browed Fulvetta_chumbiensis.png,Mitval,https://drive.google.com/file/d/1E6I4nkuKrGDmsLYxYBvLZXGAhXp6gFQc/view?usp=drivesdk,,,Arboreal Birds
Gray-headed Canary-Flycatcher,Greay headed canary flycatcher.png,Vateluṭuak,https://drive.google.com/file/d/1NJetcq_Zj8IU__W--zsiqCGBKlSleQRd/view?usp=drivesdk,,,Aerial Feeders
Black-naped Monarch,Black-naped Monarch.png,,https://drive.google.com/file/d/0B2IRT-hfS6uXa2h3V2RyXzJMNjg/view?usp=drivesdk&resourcekey=0-VLEeVwHDpoSCq0ppIXV7eQ,,,Aerial Feeders
Eurasian Tree Sparrow,Eurasian Tree Sparrow_malccensis.png,,https://drive.google.com/file/d/1F8rGUbFCQXNuTFWr83lEN_xlFU4srxiD/view?usp=drivesdk,,,Arboreal Birds
Blyth's Leaf Warbler,Blyth's Leaf Warbler.png,,https://drive.google.com/file/d/0B2IRT-hfS6uXOWZXS1dkUE8xQnM/view?usp=drivesdk&resourcekey=0-QMUfuDSuyvbZzrczDFhdTg,,,Arboreal Birds
White-throated Fantail,White throated fantail.png,Changarh,https://drive.google.com/file/d/1XN2g8sGfyxMkqdH283U2eMoED_RlY6S3/view?usp=drivesdk,,,Aerial Feeders
Gray Bushchat,Grey Bushchat.png,Ṭawkṭawkhip,https://drive.google.com/file/d/1QNDGfMZn6qwpM6By3o5wjWjCeVUiL58a/view?usp=drivesdk,,,Birds in Undergrowth
Streaked Spiderhunter,Streaked spiderhunter.png,Kireuh,https://drive.google.com/file/d/1Qj0CTMJUd-Dx6MbxMvuysI6sg5w2fedw/view?usp=drivesdk,,,Arboreal Birds
White-throated Bulbul,White throated bulbul.png,,https://drive.google.com/file/d/1zKr88RDwCKKjJ-HV7zMxzZMTnkPCQxuO/view?usp=drivesdk,,,Arboreal Birds
Puff-throated Babbler,Puff-throated Babbler.png,Valeisawt,https://drive.google.com/file/d/0B2IRT-hfS6uXZEs0d3JacjRLUlU/view?usp=drivesdk&resourcekey=0-LT7kptBnoFW615mnztVUZg,,,Ground-feeding Birds
Nepal Fulvetta,Nepal Fulvetta.png,,https://drive.google.com/file/d/1NTTehhW_zzo70YELcxyYclXF0c-D8K0H/view?usp=drivesdk,,,Arboreal Birds
Plain Flowerpecker,Plain Flowerpecker.png,Tiktik,https://drive.google.com/file/d/1mwGmTz_LMLqDOYDOdiyjydpgnhw3nJTN/view?usp=drivesdk,,,Arboreal Birds
Gray-hooded Warbler,Grey hooded warbler.png,Mau-vate,https://drive.google.com/file/d/1OtypVO6WPL63SgxfA_5TATLXrSSe3iTT/view?usp=drivesdk,,,Arboreal Birds
Large Hawk-Cuckoo,Large Hawk Cuckoo.png,,https://drive.google.com/file/d/1VRZV55MiI90TxYDE1r_OUSr6tN5kBCRu/view?usp=drivesdk,,,Arboreal Birds
House Swift,House Swift.png,,https://drive.google.com/file/d/1nmE1ePdzxrcH7E69dhG94J0qTwiLBk4t/view?usp=drivesdk,,,Aerial Feeders
Green-tailed Sunbird,Green-tailed Sunbird_M.png,Dawithiama-arpa-mei-hring,https://drive.google.com/file/d/1Z9y9jlXck5NhcI_U7S0ITbWRmpmXRO7u/view?usp=drivesdk,,,Arboreal Birds
Oriental Magpie-Robin,Oriental Magpie Robin.png,,https://drive.google.com/file/d/0B2IRT-hfS6uXemF3MGo0b2l1dTA/view?usp=drivesdk&resourcekey=0-eCPb-QxX-e6uzwNvdmwgyg,,,Ground-feeding Birds
Black Eagle,Black Eagle.png,,https://drive.google.com/file/d/0B2IRT-hfS6uXSmZxSklnZHcxNkk/view?usp=drivesdk&resourcekey=0-MeKYmVs4ALKnnziyGwwlAg,,,Birds of Prey
Assam Laughingthrush,Chestnut-crowned Laughingthrush.png,,https://drive.google.com/file/d/1ujY5B2nXpfrCvHCGJ67ugSdLiuWHbjn4/view?usp=drivesdk,,,Arboreal Birds
Taiga Flycatcher,Taiga flycatcher_Male.png,Ter awr-eng,https://drive.google.com/file/d/1wCmLkzgrjyby2OgW8cLC3eWrKy-w-hnh/view?usp=drivesdk,,,Aerial Feeders
White-rumped Shama,White rumped shama.png,,https://drive.google.com/file/d/0B2IRT-hfS6uXdVRoVm93YlpnMk0/view?usp=drivesdk&resourcekey=0-MTDPp9tCPMA033eBRLGYSA,,,Birds in Undergrowth
Blue-winged Minla,Blue winged minla.png,Saivate,https://drive.google.com/file/d/1JZhe3ytUMFZlE3-vlSQTmiaPyWFbT5z1/view?usp=drivesdk,,,Arboreal Birds
Golden Babbler,Golden Babbler_Chrysea.png,Zo vate-eng,https://drive.google.com/file/d/1-M1i5lO9duD3hrmXMiINBv9XQzIEj7Ni/view?usp=drivesdk,,,Arboreal Birds
Scarlet Minivet,Scarlet Minivet m.png,Bawng,https://drive.google.com/file/d/0B2IRT-hfS6uXQVVNVG5PRUg5SFk/view?usp=drivesdk&resourcekey=0-ekf3oo7tFjTOtBCAD0gQ2g,,,Arboreal Birds
Brown-cheeked Fulvetta,Brown-cheeked Fulvetta.png,,https://drive.google.com/file/d/0B2IRT-hfS6uXMXBTNzNVc0VPSEE/view?usp=drivesdk&resourcekey=0-omPQ3UDJT8Psx60WCQBX8A,,,Arboreal Birds
Crested Finchbill,Crested Finchbill.png,Buanarawirawi,https://drive.google.com/file/d/1mS9QLT0Pqt6UVDjD0CUqmoFaTFZ3twLg/view?usp=drivesdk,,,Arboreal Birds
Common Iora,Common Iora.png,Zairumva,https://drive.google.com/file/d/0B2IRT-hfS6uXWUppWmRXQ3VuN2c/view?usp=drivesdk&resourcekey=0-iU1-sPJeP0a9BzIJHpEUXA,,,Arboreal Birds
Striped Laughingthrush,Striated Laughingthrush.png,,https://drive.google.com/file/d/17eaSn9diBsBUWgepsx5wOTN6WZf-YMz3/view?usp=drivesdk,,,Ground-feeding Birds
Greater Racket-tailed Drongo,Greater Racket-tailed Drongo.png,Vakul,https://drive.google.com/file/d/0B2IRT-hfS6uXb2p4WUZ4QUpiajA/view?usp=drivesdk&resourcekey=0-bxTULvNJntMig28q5c57HQ,,,Aerial Feeders
Gray-backed Shrike,Grey backed shrike.png,,https://drive.google.com/file/d/1_2wMCcjTeGJ-HlZ9VcDTDJfXnfpa8FSV/view?usp=drivesdk,,,Arboreal Birds
Spotted Dove,Spotted Dove.png,Ṭhuro,https://drive.google.com/file/d/0B2IRT-hfS6uXWm5iUmhPUm9wQnc/view?usp=drivesdk&resourcekey=0-RbQfOvl9vmOfaAhnYYKPCg,,,Ground-feeding Birds
Ashy Bulbul,Ashy bulbul.png,Kawlrit,https://drive.google.com/file/d/1Zv-CMvrKHshm0ts2q2H-WCocAGI7t8fG/view?usp=drivesdk,,,Arboreal Birds
Yellow-bellied Warbler,Syke's Warbler.png,Mau-vate,https://drive.google.com/file/d/1q_Amw6nQPzYPYlayNGURnok9n5Shm_t6/view?usp=drivesdk,,,Arboreal Birds
Rufous-crowned Prinia,Rufous-crowned Prinia.png,,https://drive.google.com/file/d/1Ufik3ABP9UtD-c4Ehn0iD_oZJ-9khbVF/view?usp=drivesdk,,,Birds in Undergrowth
Oriental Honey-buzzard,Oriental Honey Buzzard.png,Mukhuaila,https://drive.google.com/file/d/0B2IRT-hfS6uXdHhudFFtTGRjX2s/view?usp=drivesdk&resourcekey=0-vCDOFfR_tGKMHchoFl8gsw,,,Birds of Prey
Chin Hills Wren-Babbler,Common Babbler.png,,https://drive.google.com/file/d/1UXkbW8CA8sp6lpY3907awosqCqGg_vSV/view?usp=drivesdk,,,Birds in Undergrowth
Hume's Treecreeper,Blyth's Tragopan blythii_m & f.png,,https://drive.google.com/file/d/1SWeeZmQUJnJIXidNS8erlisf1P_y2AZr/view?usp=drivesdk,,,Arboreal Birds
Rusty-fronted Barwing,Rusty-fronted Barwing_egertoni.png,Zova-lubuk,https://drive.google.com/file/d/1vZnoi0v3B_tf75tWvVyptK1wbzjfxDMN/view?usp=drivesdk,,,Arboreal Birds
Rufescent Prinia,Rufescent Prinia_Br.png,Chedede,https://drive.google.com/file/d/1j30IO6UhHcYWeh3_-pByTPaotEoRTsFI/view?usp=drivesdk,,,Birds in Undergrowth
Yellow-bellied Fairy-Fantail,Yellow bellied fantail.png,,https://drive.google.com/file/d/1u0DDHc4KLNSpMA8qfTEdIFhAz53RrhEi/view?usp=drivesdk,,,Aerial Feeders
Streak-breasted Scimitar-Babbler,Streak breasted scimitar babbler.png,,https://drive.google.com/file/d/1ytvso5vr6MBCE3wcGkmXxwmVFTL-NlHn/view?usp=drivesdk,,,Birds in Undergrowth
Striated Yuhina,Striated Laughingthrush.png,Ṭehhek,https://drive.google.com/file/d/17eaSn9diBsBUWgepsx5wOTN6WZf-YMz3/view?usp=drivesdk,,,Arboreal Birds
Golden-fronted Leafbird,Golden-fronted Leafbird.png,Chhawlhring,https://drive.google.com/file/d/0B2IRT-hfS6uXZEpjMk43c0pDU0U/view?usp=drivesdk&resourcekey=0-it3UbwG8pnazwASsI1UV0A,,,Arboreal Birds
Orange-bellied Leafbird,Orange bellied leafbird_M.png,Chhawlhring,https://drive.google.com/file/d/1arZFumpsgbXExQN-2garQQgbIDE1cWuq/view?usp=drivesdk,,,Arboreal Birds
Collared Owlet,Collared Owlet.png,Hrangkir,https://drive.google.com/file/d/1LRaFimjsClYTV_EnKZDYely3Eem3-TkU/view?usp=drivesdk,,,Birds of Prey
Red-whiskered Bulbul,Red-whiskered Bulbul.png,,https://drive.google.com/file/d/0B2IRT-hfS6uXQlZhanNJYWhERUU/view?usp=drivesdk&resourcekey=0-GtJMjp8MH0Csa3R0y3jQUA,,,Arboreal Birds
Gray-throated Babbler,Grey Throated Babbler.png,Zo-valeisawt,https://drive.google.com/file/d/1ORE6jLfg1R4qL6y1YLQQZKdUN_4k_Vza/view?usp=drivesdk,,,Birds in Undergrowth
Whiskered Yuhina,Whiskered yuhina.png,Ruallubuk,https://drive.google.com/file/d/1-5x-6OY8J86d-O-Ynt_7MVICaIW2IjBO/view?usp=drivesdk,,,Arboreal Birds
Pale-chinned Flycatcher,Pale chinned flycatcher_M.png,,https://drive.google.com/file/d/1A_AFXoGZkYdnfIGEc8QNVkXMdvCgpIVz/view?usp=drivesdk,,,Aerial Feeders
Verditer Flycatcher,Verditer Flycatcher (1).png,Vapawl,https://drive.google.com/file/d/1bXbNoiJuh_EeXPo3TgtJV-4Pux-mHSEv/view?usp=drivesdk,,,Aerial Feeders
White-bellied Erpornis,White bellied erpornis.png,Vate-lungleng,https://drive.google.com/file/d/1-qU_YiBWVv-Yw_iAgYwmcZQFCLdrXesG/view?usp=drivesdk,,,Arboreal Birds
Greenish Warbler,Greenish Warbler.png,Chiai,https://drive.google.com/file/d/0B2IRT-hfS6uXeUp4cFI2N1hoZm8/view?usp=drivesdk&resourcekey=0-o0IxiO-_9AeoE0JQ5_G-pQ,,,Arboreal Birds
Fire-tailed Sunbird,Fire tailed Sunbird_M.png,Dawithiama-arpa,https://drive.google.com/file/d/18wA5cV2ddiLtbZeyYIboP7P6sJcrUE2R/view?usp=drivesdk,,,Arboreal Birds
Green-billed Malkoha,Green billed malkoha.png,,https://drive.google.com/file/d/1RphNB4Xu0Q0oZWg_YwQFJYbDDmur4PsI/view?usp=drivesdk,,,Arboreal Birds
Rufous-fronted Babbler,Rufous Sibia.png,,https://drive.google.com/file/d/14NTaMiVKotlSBFTikHODfFzoyaQ3V66x/view?usp=drivesdk,,,Birds in Undergrowth
Fire-breasted Flowerpecker,Fire-breasted Flowerpecker.png,Tektek-pa,https://drive.google.com/file/d/1UKgLPIQZ2Tm5vTqjuoC4y-WxkXHXcurl/view?usp=drivesdk,,,Arboreal Birds
Mountain Bamboo-Partridge,Mountain Bamboo Patridge.png,,https://drive.google.com/file/d/1ApTJhHAW5KTUIxtEWtf8KKFL5hi70zgv/view?usp=drivesdk,,,Ground-feeding Birds
Maroon Oriole,Maroon Oriole.png,Changsen,https://drive.google.com/file/d/11PZgV1oGVOZA2JSA3xtLvofkP0z4w7TZ/view?usp=drivesdk,,,Arboreal Birds
Golden-throated Barbet,Golden-throated Barbet.png,Zo-Tuklo,https://drive.google.com/file/d/1QgBEWFLWvFnKqyUC7QGkmehSi4mhN0GE/view?usp=drivesdk,,,Arboreal Birds
Greater Coucal,greater coucal (southern).tif,,https://drive.google.com/file/d/0B2IRT-hfS6uXZmxydEpsWFhqOVk/view?usp=drivesdk&resourcekey=0-mQ6KkJ4XzWeaLlppMw61EQ,,,Ground-feeding Birds
Gray Treepie,grey treepie.png,,https://drive.google.com/file/d/0B2IRT-hfS6uXR0xXNjJEWjJrVmc/view?usp=drivesdk&resourcekey=0-vovvsNp-uxcKvGLHv-odlQ,,,Arboreal Birds
Black Bulbul,Black Bulbul.png,Liando-rit,https://drive.google.com/file/d/1kEhP7IkmfuUxU53hgZ2t-xVOkA80K_li/view?usp=drivesdk,,,Arboreal Birds
Lesser Racket-tailed Drongo,Lesser racket-tailed drongo.png,Thlanthla-changhlawi,https://drive.google.com/file/d/1baxI6eBnjd4W9btDAtIuoXL4w5yZ6K9J/view?usp=drivesdk,,,Aerial Feeders
Chestnut-bellied Rock-Thrush,Chestnut-bellied Rock Thrush.png,,https://drive.google.com/file/d/11APu2eeLgpZznkuHx3nVsn9aKJnvT9SE/view?usp=drivesdk,,,Arboreal Birds
Little Pied Flycatcher,Little pied flycatcher_M.png,Terpa,https://drive.google.com/file/d/1P6jbWkuX9oso5WpvbXUBbIxzGxrt6GsU/view?usp=drivesdk,,,Aerial Feeders
Bay Woodpecker,Crimson-naped Woodpecker_cathpharius.png,,https://drive.google.com/file/d/1mMNtJ3KFn6cOBnGLMDfftspHRfrHF-wS/view?usp=drivesdk,,,Arboreal Birds
White-rumped Munia,White-rumped Munia.png,Pit-awm-var,https://drive.google.com/file/d/0B2IRT-hfS6uXY0ZYeHBBYzA5Wkk/view?usp=drivesdk&resourcekey=0-nz0vQ9twgBO4RYr_RuOQew,,,Arboreal Birds
Little Bunting,Little Bunting.png,,https://drive.google.com/file/d/1LL5dqfTQpzEe0byYCOVIzPrbd5FupnfX/view?usp=drivesdk,,,Ground-feeding Birds
Spot-breasted Scimitar-Babbler,Spot-breasted Scimitar Babbler.png,Ngalvapual,https://drive.google.com/file/d/1EIvnoHQBHLvVUWCyJxIA61Uy-TuFLPCo/view?usp=drivesdk,,,Birds in Undergrowth
Greater Necklaced Laughingthrush,Greater Necklaced laughingthrush.png,,https://drive.google.com/file/d/1vNCT-khGSEoRx7a4f1i_TLInNP5jfdwR/view?usp=drivesdk,,,Ground-feeding Birds
Nepal House-Martin,Nepal House Martin.png,,https://drive.google.com/file/d/1dSD87VMMmt4jzvNqLIDpKiA1A8pMVypz/view?usp=drivesdk,,,Aerial Feeders
White-throated Kingfisher,White-throated Kingfisher.png,,https://drive.google.com/file/d/0B2IRT-hfS6uXNDlGTEowOU81d1E/view?usp=drivesdk&resourcekey=0-KFyMb9adooT9DBbZCRp8_g,,,Wetland Birds
Mountain Tailorbird,Mountain Tailorbird.png,Zo-daikat,https://drive.google.com/file/d/1KoCihqV9kGn5sp4_u2eaMYwhEw50eOgv/view?usp=drivesdk,,,Arboreal Birds
Square-tailed Drongo-Cuckoo,Square tailed drongo cuckoo.png,,https://drive.google.com/file/d/1BkAAVxL6tFTii5303XC-5_FxlnFAOh43/view?usp=drivesdk,,,Arboreal Birds
Blue Whistling-Thrush,Blue Whistling Thrush.png,Thangfen,https://drive.google.com/file/d/0B2IRT-hfS6uXU3lSc1JweFI5MFk/view?usp=drivesdk&resourcekey=0-VndBhSFyUQEeA-bb9o08CA,,,Ground-feeding Birds
White-browed Shrike-Babbler,White-browed Shrike-Babbler.png,,https://drive.google.com/file/d/10UZ_yw4lHWjDi-e-3MVP6a-QLShjxRm6/view?usp=drivesdk,,,Arboreal Birds
Long-tailed Minivet,Long tailed minivet_M.png,,https://drive.google.com/file/d/11Ixb4qZDxnxGwm2EmvkM1zakfev8QcdS/view?usp=drivesdk,,,Arboreal Birds
Mrs. Gould's Sunbird,Mrs. Gould's Sunbird.png,Dawithiama-arpa,https://drive.google.com/file/d/1VIFp17qt6qtMBfSpiGkPpanDl-axlAu7/view?usp=drivesdk,,,Arboreal Birds
Asian Barred Owlet,Asian barred owlet.png,Chhimbukte,https://drive.google.com/file/d/15w3mb5ELOWRkr5n2GumP4skv1w0pUpwo/view?usp=drivesdk,,,Birds of Prey
Yellow-vented Flowerpecker,yellow bittern.png,,https://drive.google.com/file/d/0B2IRT-hfS6uXSFJUUm1Qc2d3WE0/view?usp=drivesdk&resourcekey=0-PNzjgTjh06s8sikyF1Zcjw,,,Arboreal Birds
White-browed Scimitar-Babbler,White browed Scimitar Babbler.png,Ngalvapual,https://drive.google.com/file/d/1cqSVKu3X4ixqkj4atnBwgvaJNEVl5Hnr/view?usp=drivesdk,,,Birds in Undergrowth
Buff-throated Warbler,Puff-throated Babbler.png,,https://drive.google.com/file/d/0B2IRT-hfS6uXZEs0d3JacjRLUlU/view?usp=drivesdk&resourcekey=0-LT7kptBnoFW615mnztVUZg,,,Arboreal Birds
Himalayan Bluetail,Himalayan Bluetail.png,,https://drive.google.com/file/d/1MuLZ7ZipzZVic4TqwqGP-GcO9mP2_YKp/view?usp=drivesdk,,,Ground-feeding Birds
Hair-crested Drongo,Hair crested drongo.png,Kulherh,https://drive.google.com/file/d/1Klfrh5AftYqab6fyRj8zL5FxrTEoq5ZV/view?usp=drivesdk,,,Aerial Feeders
White-tailed Nuthatch,White tailed nuthatch.png,Suklet,https://drive.google.com/file/d/1Ex1IWjRWbZsu2UatCMDqv0ApCZdpq0re/view?usp=drivesdk,,,Arboreal Birds
Silver-eared Mesia,Silver eared mesia.png,Thlangvaharbeh,https://drive.google.com/file/d/14rN3m3R9VIFjN66iYU87HYKWyWfTyE9A/view?usp=drivesdk,,,Arboreal Birds
Asian Emerald Dove,Emerald dove (f).png,,https://drive.google.com/file/d/0B2IRT-hfS6uXdmQ3N1BwVWtHeU0/view?usp=drivesdk&resourcekey=0-7j8VuyMDVDA55pFtYhdLpg,,,Ground-feeding Birds
Large-billed Crow,Large-billed Crow.png,Choak,https://drive.google.com/file/d/0B2IRT-hfS6uXMDZ3b3o0VmZvSjg/view?usp=drivesdk&resourcekey=0--DhjImLfYS4LQ1VxHGzKhw,,,Arboreal Birds
Gray Wagtail,Grey Wagtail.png,Lailen,https://drive.google.com/file/d/0B2IRT-hfS6uXWWZKdl9hTFdLTzA/view?usp=drivesdk&resourcekey=0-DbXOhDuMJGI5UtxqpOZmhg,,,Ground-feeding Birds
Rufous-winged Fulvetta,Rufous winged fulvetta.png,,https://drive.google.com/file/d/1q1MGPXBLmCSgLkAmGdyNFTrHKSgKD05u/view?usp=drivesdk,,,Arboreal Birds
Mount Victoria Babax,,,,,,Ground-feeding Birds
Black-backed Forktail,Black backed forktail.png,,https://drive.google.com/file/d/1GG4-INATYcNn0DRkyUBGKW53--DmjE6A/view?usp=drivesdk,,,Ground-feeding Birds
Spot-breasted Laughingthrush,Spotted Laughingthrush.png,,https://drive.google.com/file/d/11vvwDxf5Xic4-sqz4Gylwgzq3qgABnfc/view?usp=drivesdk,,,Ground-feeding Birds
Barred Cuckoo-Dove,Barred cuckoo dove.png,,https://drive.google.com/file/d/1z_4_PK57rd2dd48UhzrGh0TTG3Yj4Oz2/view?usp=drivesdk,,,Arboreal Birds
Velvet-fronted Nuthatch,Velvet-fronted Nuthatch.png,Suklet,https://drive.google.com/file/d/0B2IRT-hfS6uXcjBOdXhIbHNtVmM/view?usp=drivesdk&resourcekey=0-wnFdZo4b8_fuALB71SQgJg,,,Arboreal Birds
Gray-bellied Tesia,Grey bellied tesia.png,Tlerh,https://drive.google.com/file/d/1oYWmAGngcaWKdRd20gh1Q5kYEzF2imSf/view?usp=drivesdk,,,Birds in Undergrowth
Mountain Bulbul,Mountain Bulbul.png,Vachiap,https://drive.google.com/file/d/1XdQv1Y7BImttJnQo6nkBb34eCwoXu87t/view?usp=drivesdk,,,Arboreal Birds
Brown-crowned Scimitar-Babbler,Buff-chested Babbler.png,,https://drive.google.com/file/d/1QuxnU5K-jPvMxqM_kP9lFAV-lpz0OXOr/view?usp=drivesdk,,,Birds in Undergrowth
Crested Serpent-Eagle,Crested Serpent Eagle (davisoni) flt.png,Muvanlai,https://drive.google.com/file/d/0B2IRT-hfS6uXeTNEVmVSUnhKc2M/view?usp=drivesdk&resourcekey=0-6F4curnS6r251H5oqHFu9w,,,Birds of Prey
Scarlet-backed Flowerpecker,Scarlet backed Flowerpecker_F.png,Tektek-pa,https://drive.google.com/file/d/1UNVTzQr-niD1QRQaNukX0o66TtEUtUIB/view?usp=drivesdk,,,Arboreal Birds
Bar-winged Flycatcher-shrike,Bar-winged flycatcher-shrike (f).png,Bawngbawi,https://drive.google.com/file/d/0B2IRT-hfS6uXbzFMTUFMQWVodW8/view?usp=drivesdk&resourcekey=0-ORGaNWO9A_au1IZlpMDRtw,,,Aerial Feeders
White-crested Laughingthrush,White-crested Laughingthrush.png,Koro,https://drive.google.com/file/d/1DSS2rufEMXObH377i9NNEMqfvYzYrSZT/view?usp=drivesdk,,,Ground-feeding Birds
Brownish-flanked Bush Warbler,Brownish-flanked Bush Warbler.png,,https://drive.google.com/file/d/1SISsAMGLs806ON5lX2zh1O6yZ60qqmDC/view?usp=drivesdk,,,Birds in Undergrowth
Striated Bulbul,Striated Bulbul.png,,https://drive.google.com/file/d/10CcpBBCXvAgmCoQBQYPV4W_s73mdNT0v/view?usp=drivesdk,,,Arboreal Birds
White-browed Piculet,White-browed Fulvetta_chumbiensis.png,,https://drive.google.com/file/d/1E6I4nkuKrGDmsLYxYBvLZXGAhXp6gFQc/view?usp=drivesdk,,,Arboreal Birds
Brown Bush Warbler,Brown Bush Warbler.png,,https://drive.google.com/file/d/1N2vLZtDEk8DwaDCnLbcvsoHwePgVBjNg/view?usp=drivesdk,,,Birds in Undergrowth
Dark-necked Tailorbird,,Daikat-awrdum,,,,Arboreal Birds
Long-tailed Shrike,Long-tailed Shrike.png,Chhemhur,https://drive.google.com/file/d/0B2IRT-hfS6uXNjVpN3pEVmp0a1E/view?usp=drivesdk&resourcekey=0-ovfQ29L3xilAkAzxCbWoUg,,,Arboreal Birds
Rufous-gorgeted Flycatcher,Rufous-gorgeted Flycatcher.png,Terzik,https://drive.google.com/file/d/1UjkIIVJSs43X8o4iCeBMPOLYSrPE--mQ/view?usp=drivesdk,,,Aerial Feeders
Peregrine Falcon,peregrine falcon.png,,https://drive.google.com/file/d/0B2IRT-hfS6uXeUJxZW9VeDZGSlE/view?usp=drivesdk&resourcekey=0-Hxzn0yD6JK79Jcql7Bf5pA,,,Birds of Prey
Blue-eared Barbet,Blue-eared barbet.png,Tuklo bengngawng,https://drive.google.com/file/d/1opN0P2qljJyqlRRnTMlGnC78i-SiA19H/view?usp=drivesdk,,,Arboreal Birds
Mountain Imperial-Pigeon,Mountain Imperial Pigeon.png,,https://drive.google.com/file/d/0B2IRT-hfS6uXRTJNaEN0ZkU2clk/view?usp=drivesdk&resourcekey=0-eSkgc5TaJXQZhHNMROlPFw,,,Arboreal Birds
Spot-breasted Parrotbill,Brown Parrotbill.png,,https://drive.google.com/file/d/1BJmzMu22XdqQGDQPIneS0rAWMyK-rtbf/view?usp=drivesdk,,,Arboreal Birds
Stripe-breasted Woodpecker,Spot-breasted Woodpecker.png,,https://drive.google.com/file/d/0B2IRT-hfS6uXYkhvLW5LbTYxUGc/view?usp=drivesdk&resourcekey=0-PZEjUmpX0xS6z5jr_7KMsA,,,Arboreal Birds
White Wagtail,White Wagtail.png,Lailen,https://drive.google.com/file/d/0B2IRT-hfS6uXWWkydUVZcm9EOUE/view?usp=drivesdk&resourcekey=0-EKs8tfmwLgw3B5Xa3n5DOQ,,,Ground-feeding Birds
Common Green-Magpie,Common green magpie.png,Dawntliang,https://drive.google.com/file/d/1X3LxL66AwCq4gWHct-1EiN6wsC_dKqss/view?usp=drivesdk,,,Arboreal Birds
Greater Yellownape,Greater Yellownape.png,Thloh-lupar,https://drive.google.com/file/d/1ZU_9TFt8h2cRQCJsFeLQWqpVGyhlDAna/view?usp=drivesdk,,,Arboreal Birds
Indian Cuckoo,Indian Cuckoo - female.png,,https://drive.google.com/file/d/1MWnl25sQVQDZegNWTqB79m3Tmq7xxote/view?usp=drivesdk,,,Arboreal Birds
Black-winged Cuckooshrike,Black winged cuckooshrike.png,Changde,https://drive.google.com/file/d/1ITofXqPg-bl702Wd23LayrpbVLrsvAfu/view?usp=drivesdk,,,Arboreal Birds
Gray Peacock-Pheasant,Peacock pheasant.png,Arawn,https://drive.google.com/file/d/1H3sqMhYab-v1dIeRF6hxDLpeOib6S8z8/view?usp=drivesdk,,,Ground-feeding Birds
Blue Rock-Thrush,Blue Rock Thrush m.png,,https://drive.google.com/file/d/0B2IRT-hfS6uXNi1SVi1DMGpnYk0/view?usp=drivesdk&resourcekey=0-yag_cWBefFUvtTZ9zAWvBQ,,,Arboreal Birds
Oriental Turtle-Dove,Oriental Turtle Dove.png,,https://drive.google.com/file/d/0B2IRT-hfS6uXcERCWktkTTUtQTQ/view?usp=drivesdk&resourcekey=0-VFEinFptdwm4zxKypSQuRQ,,,Ground-feeding Birds
Vernal Hanging-Parrot,Vernal Hanging Parrot.png,,https://drive.google.com/file/d/0B2IRT-hfS6uXYnZ4b3oxblNpdlE/view?usp=drivesdk&resourcekey=0-5tEPIsgrJinvJxDss_BELA,,,Arboreal Birds
Speckled Piculet,Speckled Piculet.png,,https://drive.google.com/file/d/0B2IRT-hfS6uXaVE3bXktdmF6cFk/view?usp=drivesdk&resourcekey=0-CzGK17Er3MAMcYHcU2qAGA,,,Arboreal Birds
Black-throated Tit,Black-throated Tit_1.png,,https://drive.google.com/file/d/1aBjFIEkeKoyPdAsXaLNWvfE0BisnhpZV/view?usp=drivesdk,,,Arboreal Birds
Ruby-cheeked Sunbird,Ruby-cheeked sunbird_M.png,,https://drive.google.com/file/d/14_dLNEHQIQ0-QD0cvUG-AqV6N3ImNFFL/view?usp=drivesdk,,,Arboreal Birds
Blue-throated Flycatcher,Blue-throated Flycatcher m and f.png,,https://drive.google.com/file/d/1yc2nwdRcNOUMuGTUjxx0ygTc8Rtr1V3T/view?usp=drivesdk,,,Aerial Feeders
Asian Palm Swift,Asian Palm Swift.png,,https://drive.google.com/file/d/0B2IRT-hfS6uXU3dNYjUyMjQteEU/view?usp=drivesdk&resourcekey=0-FTUQr54XarRcPf4J0jvImQ,,,Aerial Feeders
Blue-winged Leafbird,Blue-winged Leafbird.png,,https://drive.google.com/file/d/1jHiXHpqZcoKPuLa6uyTIwnbDqGEKeTv4/view?usp=drivesdk,,,Arboreal Birds
Slaty-blue Flycatcher,Slaty-blue Flycatcher_F.png,,https://drive.google.com/file/d/1cGJVcNs7xtST5aSNNhs2cF5stWLdouyn/view?usp=drivesdk,,,Aerial Feeders
Red-headed Trogon,Red headed Trogon_M.png,Varalthi,https://drive.google.com/file/d/1ZUXBmWVdF7OBmKn-WRE9VkV7XDmhpll6/view?usp=drivesdk,,,Arboreal Birds
Large Woodshrike,Large woodshrike_M.png,Thlekbur,https://drive.google.com/file/d/1P39O86Gl3c5U_9QtTTuvJ3k7QS2G6JSE/view?usp=drivesdk,,,Arboreal Birds
Whistler's Warbler,Whistler's Warbler.png,,https://drive.google.com/file/d/1XdbmvE_cMzil6K_ooNfpK78RHsEjV2DZ/view?usp=drivesdk,,,Arboreal Birds
Blue-bearded Bee-eater,Blue-bearded Bee-eater.png,,https://drive.google.com/file/d/0B2IRT-hfS6uXNkYxem9RWUg3NFU/view?usp=drivesdk&resourcekey=0-0gMswqxuZxTIaBXA0kQ5KQ,,,Aerial Feeders
Red Junglefowl,Red Junglefowl m and f.png,,https://drive.google.com/file/d/0B2IRT-hfS6uXbGNFNFRvcGJLUTA/view?usp=drivesdk&resourcekey=0-ilPuxEQvPNgFCTKRGHMFhA,,,Ground-feeding Birds
Rufous-bellied Niltava,Rufous-bellied Niltava.png,Beairal,https://drive.google.com/file/d/1jivYyFa60o2iSXH0FFdCnyxe_IBIt1SM/view?usp=drivesdk,,,Aerial Feeders
Eurasian Kestrel,Eurasian Kestrel f.png,,https://drive.google.com/file/d/0B2IRT-hfS6uXQ0JfRzhDOHdWMG8/view?usp=drivesdk&resourcekey=0-w3_ZrBo9GGMWXUcKQ1sv4g,,,Birds of Prey
Rufous-throated Partridge,Rufous-throated Patridge.png,,https://drive.google.com/file/d/19iOax--8-JHw7K3CaWgWik_OPEo694Vh/view?usp=drivesdk,,,Ground-feeding Birds
Black-hooded Oriole,Black-hooded Oriole.png,,https://drive.google.com/file/d/0B2IRT-hfS6uXQTRnSmZJbTN3MUk/view?usp=drivesdk&resourcekey=0-9ulV7GcwgvwIx9ZExlpd0A,,,Arboreal Birds
Black-throated Sunbird,Black throated sunbird_M.png,Dawithiama-arpa,https://drive.google.com/file/d/1y81XfwVRDEjpvF3u5Nt0Glo-tjplBuEo/view?usp=drivesdk,,,Arboreal Birds
Large Niltava,Large Niltava.png,Beairal lian,https://drive.google.com/file/d/12JrER91fPAMaBYkvKqOsKrxAdYU2WUDI/view?usp=drivesdk,,,Aerial Feeders
Common Rosefinch,Common Rosefinch m.png,Vasuih,https://drive.google.com/file/d/0B2IRT-hfS6uXY1dkR0Z4NENxU1k/view?usp=drivesdk&resourcekey=0-7zDoNBbYP25_g8vBrK_TOg,,,Arboreal Birds
Oriental Pied-Hornbill,Oriental pied hornbill_M.png,,https://drive.google.com/file/d/1_Xk_YqUY57DHmvO0PymRlERJdKqnYahs/view?usp=drivesdk,,,Arboreal Birds
Gray-headed Woodpecker,grey headed woodpecker.png,,https://drive.google.com/file/d/1yPA1uy77oDnltITQ14CctS_s1QmQ35oP/view?usp=drivesdk,,,Arboreal Birds
Indian Pond-Heron,Indian Pond Heron nbr.png,Tuivalawng,https://drive.google.com/file/d/0B2IRT-hfS6uXS2ZMb24yZDBKZ1E/view?usp=drivesdk&resourcekey=0-usboZc7WK47gYbVbPfHsKA,,,Wetland Birds
Long-tailed Broadbill,Long tailed broadbill.png,Thizil,https://drive.google.com/file/d/1I7SUepSsFjmoi6h8pbCwPuupCmKidD7U/view?usp=drivesdk,,,Arboreal Birds
Green-backed Tit,Green-backed Tit_1.png,,https://drive.google.com/file/d/1GH14Gs1nA-p8x1K2beOUFdJW-8S8xQAY/view?usp=drivesdk,,,Arboreal Birds
Russet Bush Warbler,Russet Bush Warbler.png,,https://drive.google.com/file/d/1AVkCLKZHTzYAvlCc38syEtFhKgbEPe-d/view?usp=drivesdk,,,Birds in Undergrowth
Mountain Hawk-Eagle,Mountain Hawk-Eagle.png,,https://drive.google.com/file/d/18Xj0l798NGNw6pRe_yjpBcSz2y7E6N7B/view?usp=drivesdk,,,Birds of Prey
Lemon-rumped Warbler,Lemon rumped Warbler.png,,https://drive.google.com/file/d/1aIcHPY8f9xsZS4V_yTZ5TI4JNggvo4xy/view?usp=drivesdk,,,Arboreal Birds
Black-eared Shrike-Babbler,Straited Babbler.png,,https://drive.google.com/file/d/1um5olIahxWv9zYGXKp_l9yixRjr3AFO9/view?usp=drivesdk,,,Arboreal Birds
Stripe-throated Yuhina,Stripe throated Yuhina.png,Rual-lu-buk ,https://drive.google.com/file/d/19JkGzpm8C1_w5Uxw1qHSy5Uf9dB_NppZ/view?usp=drivesdk,,,Arboreal Birds
Common Hill Myna,Common Hill Myna.png,,https://drive.google.com/file/d/1p-ItK8U4XbBXbIHQiW6_h5Xn31UTwRnM/view?usp=drivesdk,,,Arboreal Birds
Slaty-backed Flycatcher,Slaty-blue Flycatcher_F.png,,https://drive.google.com/file/d/1cGJVcNs7xtST5aSNNhs2cF5stWLdouyn/view?usp=drivesdk,,,Aerial Feeders
Small Niltava,Small Niltava_M.png,Beairal,https://drive.google.com/file/d/1Lfk571_SG-CnRj9oUBMXDhlVuknna3j5/view?usp=drivesdk,,,Aerial Feeders
Crimson Sunbird,Crimson Sunbird f.png,Dawithiama-arpa-senlar,https://drive.google.com/file/d/1-UZHdi7GUSlvfMTmkwaNJZtbR6TKCLy5/view?usp=drivesdk,,,Arboreal Birds
Crested Goshawk,crested goshawk.png,Muningaldang,https://drive.google.com/file/d/0B2IRT-hfS6uXWmxXb0dyV3Nucms/view?usp=drivesdk&resourcekey=0-ddXWfRObcriucXubWq66aQ,,,Birds of Prey
White-cheeked Partridge,White cheeked partridge.png,Phaivarung,https://drive.google.com/file/d/1GcYENAigutVRblwWnS3ilsBLgJ4N6ODh/view?usp=drivesdk,,,Ground-feeding Birds
Siberian Rubythroat,Siberian Rubythroat_M & F.png,Ṭawkṭawkawrsen,https://drive.google.com/file/d/1X_54Cwxy6lAVmNSeITtGHhfcdtHBo5tJ/view?usp=drivesdk,,,Ground-feeding Birds
White-tailed Robin,White-browed Fulvetta_chumbiensis.png,Kapi-tuibur-keive,https://drive.google.com/file/d/1E6I4nkuKrGDmsLYxYBvLZXGAhXp6gFQc/view?usp=drivesdk,,,Birds in Undergrowth
Yellow-cheeked Tit,Yellow-cheeked Tit.png,,https://drive.google.com/file/d/166wjUe765UwuQq5MK8mGamx5LkP_JWG2/view?usp=drivesdk,,,Arboreal Birds
Hill Partridge,Hill Partridge.png,Vahlah,https://drive.google.com/file/d/1CIKZUAkMRVPA2FV50V4yCxmR5hIf-mG-/view?usp=drivesdk,,,Ground-feeding Birds
Lesser Necklaced Laughingthrush,Lesser Necklaced laughingthrush.png,Zarfek,https://drive.google.com/file/d/1Sn9tsdTr56ar7lQtn1qCZtPq77poUr-b/view?usp=drivesdk,,,Ground-feeding Birds
Himalayan Griffon,Himalayan Griffon.png,Mulukawlh,https://drive.google.com/file/d/1fFMHJfxQKTQmUuFicT9iuu3CsdYgTd1v/view?usp=drivesdk,,,Birds of Prey
Chestnut-headed Tesia,Chestnut headed Tesia.png,,https://drive.google.com/file/d/1s0causeWxhyJitqfCpvBjCtarHsZKGz1/view?usp=drivesdk,,,Birds in Undergrowth
Dollarbird,Dollarbird.png,Vakek,https://drive.google.com/file/d/1nikc0LZNgUuhiN7F9VST25MU9v3-f9L3/view?usp=drivesdk,,,Aerial Feeders
Kalij Pheasant,Kalij Pheasant_F.png,Vahrit,https://drive.google.com/file/d/1BVE0JA2uSyM6WVEYNJ_dX8S0xrDYwVAr/view?usp=drivesdk,,,Ground-feeding Birds
Large-tailed Nightjar,Large tailed Nightjar.png,Valambawk,https://drive.google.com/file/d/1rEjk0QQDKOGkDG08mpzZwlKJ19tKuR39/view?usp=drivesdk,,,Aerial Feeders
Little Cormorant,Little Cormorant.png,Ramvarak-dum,https://drive.google.com/file/d/0B2IRT-hfS6uXUWRnZlFxNjFBbDQ/view?usp=drivesdk&resourcekey=0-m6lHXaRywmYgKZzD0a_NzA,,,Wetland Birds
Plaintive Cuckoo,Plaintive Cuckoo_M.png,,https://drive.google.com/file/d/1l1YPQwC7erBp0IVtwkkqmrZr-nwyVwnD/view?usp=drivesdk,,,Arboreal Birds
Brown Wood-Owl,Brown Wood-owl.png,,https://drive.google.com/file/d/1sQYyJ_AocXv0eVbv9d6Lh5DZqzjZBk2C/view?usp=drivesdk,,,Birds of Prey
Black Drongo,black drongo.tif,Changkak,https://drive.google.com/file/d/0B2IRT-hfS6uXMHNQYUZ1cWZvdnc/view?usp=drivesdk&resourcekey=0-cQ3MrDG-u1bs9nvPgAxSXQ,,,Aerial Feeders
Chestnut-tailed Starling,Chestnut-tailed Starling.png,Vamam,https://drive.google.com/file/d/0B2IRT-hfS6uXS0RfejRYdVJHaGM/view?usp=drivesdk&resourcekey=0-DFr1xR3352FUFzHLZ8YEXA,,,Arboreal Birds
Thick-billed Green-Pigeon,Thick billed pigeon_M.png,,https://drive.google.com/file/d/1_0Oe3i8SqpHMPF3Vm4-V0IUzYuZVpLLW/view?usp=drivesdk,,,Arboreal Birds
Dark-sided Flycatcher,Dark-sided Flycatcher.png,,https://drive.google.com/file/d/1EwAANMqOqx9HmXTgOblCuSo3IwIu1fH6/view?usp=drivesdk,,,Aerial Feeders
Mountain Scops-Owl,Mountain Scops-owl.png,,https://drive.google.com/file/d/1sZsBqPlTZ6vxdRRT-UYD0049FDYpzazl/view?usp=drivesdk,,,Birds of Prey
Asian Fairy-bluebird,asian fairy bluebird M.png,,https://drive.google.com/file/d/0B2IRT-hfS6uXRFlmelRLdG9hUzQ/view?usp=drivesdk&resourcekey=0-g_sOAuOlNegvtV6AhQzUzw,,,Arboreal Birds
Lesser Yellownape,Lesser yellownape.png,Thloh-lupar,https://drive.google.com/file/d/1-harpi68tVnMupmO8-zyMsd2eu3EeWro/view?usp=drivesdk,,,Arboreal Birds
Greater Flameback,Greater flameback.png,,https://drive.google.com/file/d/1SYiUX1uOfGsAWXUpBDKtxQG_CzlqV8t-/view?usp=drivesdk,,,Arboreal Birds
